"","ZNF341","SYNE1","MR1","RIMKLA","PSRC1","STC2","WNK2","THOC6","DCTN5","SLC9A9","RC3H2","SIVA1","GLYR1","SGPP1","TSC22D3","PIK3AP1","ACTG1","ENTPD6","DCTN4","NDUFAF4","PCYOX1L","ADAP2","SMC4","SLC35D2","PLEKHH2","KIF3B","ZBED1","SLC25A26","CLDN15","PCDHB2","FAM107A","SEMA4G","TMPRSS5","GLRX2","VCAN","MNAT1","AGPS","IMMP1L","GATAD2B","B4GALT7","KIF3A","IP6K2","HDAC7","UGT3A2","GPATCH2","LRCH3","CTNNBL1","MTRF1","FGD4","SMARCE1","NPL","DGKE","PRG2","PLXNC1","CBX3","CLCF1","DCAF15","COG6","TRMT6","CRISPLD2","EVL","DKK2","ZFPM2","C6orf120","NFIX","RBM24","TRPS1","RTTN","TRERF1","APOO","YBX2","DYNC2LI1","BAZ1B","RAB6B","IL17RC","FITM2","SLCO4A1","INTS4","HACL1","CDKN2B","PXK","CYGB","MARS2","SSBP2","TSC1","CACNA1B","WDR19","ZNF135","SIRT6","CADPS2","DPP3","ELOVL1","AKT2","MPHOSPH8","RNF31","SFXN4","MDGA2","RANBP17","BTBD6","MLLT10"
"ZNF341",0,0.953,0.951,0.777,0.176,0.637,0.813,0.731,0.956,0.966,0.478,0.894,0.214,0.775,0,0.902,0.658,0.782,0.956,0.974,0.852,0.884,0.96,0.779,0.94,0.937,0.214,0.977,0.916,0.916,0.764,0.884,0.824,0,0.729,0.0610000000000001,0.797,0.843,0.236,0.733,0.937,0.854,0.763,0.973,0.868,0.966,0.742,0.489,0.86,0.0610000000000001,0.914,0.833,0.969,0.864,0.206,0.798,0.853,0.908,0.719,0.969,0.86,0.926,0.206,0.969,0.214,0.539,0.236,0.945,0.0610000000000001,0.968,0.365,0.918,0.0610000000000001,0.951,0.915,0.641,0.985,0.451,0.848,0.214,0.893,0.879,0.62,0,0.403,0.893,0.962,0.0610000000000001,0.236,0.91,0.824,0.775,0.631,0.206,0.142,0.94,0.966,0.969,0.815,0.214
"SYNE1",0.953,0,0.87,0.927,0.76,0.907,0.905,0.874,0.885,0.922,0.921,0.893,0.911,0.85,0.861,0.905,0.797,0.933,0.885,0.65,0.886,0.842,0.767,0.813,0.835,0.793,0.959,0.932,0.783,0.785,0.803,0.842,0.945,0.8,0.736,0.871,0.828,0.747,0.719,0.784,0.674,0.866,0.888,0.94,0.942,0.45,0.892,0.896,0.687,0.697,0.937,0.876,0.913,0.814,0.725,0.858,0.918,0.854,0.933,0.869,0.734,0.938,0.777,0.913,0.947,0.792,0.847,0.675,0.889,0.656,0.918,0.788,0.735,0.819,0.915,0.664,0.954,0.941,0.836,0.847,0.897,0.927,0.953,0.958,0.888,0.91,0.711,0.617,0.878,0.869,0.945,0.92,0.84,0.928,0.888,0.829,0.636,0.828,0.758,0.959
"MR1",0.951,0.87,0,0.94,0.921,0.933,0.892,0.878,0.807,0.926,0.85,0.823,0.966,0.898,0.919,0.815,0.862,0.945,0.807,0.93,0.942,0.816,0.948,0.79,0.955,0.852,0.944,0.903,0.88,0.834,0.887,0.837,0.9,0.751,0.82,0.92,0.939,0.773,0.943,0.916,0.854,0.842,0.903,0.893,0.952,0.898,0.843,0.965,0.873,0.936,0.954,0.866,0.737,0.88,0.859,0.774,0.873,0.88,0.956,0.858,0.843,0.914,0.827,0.737,0.958,0.868,0.849,0.927,0.929,0.939,0.925,0.957,0.868,0.919,0.851,0.914,0.91,0.959,0.94,0.834,0.812,0.792,0.97,0.964,0.899,0.888,0.94,0.918,0.924,0.91,0.9,0.943,0.868,0.942,0.843,0.884,0.695,0.96,0.85,0.944
"RIMKLA",0.777,0.927,0.94,0,0.806,0.621,0.742,0.809,0.933,0.955,0.76,0.937,0.806,0.493,0.777,0.94,0.883,0.759,0.933,0.958,0.769,0.929,0.942,0.542,0.969,0.9,0.806,0.96,0.868,0.868,0.82,0.929,0.67,0.71,0.509,0.7,0.633,0.818,0.813,0.621,0.9,0.706,0.744,0.962,0.921,0.943,0.819,0.666,0.908,0.776,0.739,0.709,0.957,0.868,0.815,0.874,0.749,0.844,0.8,0.957,0.915,0.959,0.806,0.957,0.7,0.758,0.813,0.918,0.776,0.947,0.7,0.959,0.776,0.922,0.951,0.631,0.973,0.727,0.573,0.806,0.945,0.924,0.518,0.777,0.713,0.945,0.939,0.776,0.715,0.914,0.67,0.463,0.69,0.815,0.76,0.908,0.95,0.955,0.715,0.806
"PSRC1",0.176,0.76,0.921,0.806,0,0.789,0.767,0.845,0.896,0.922,0.795,0.781,0.652,0.849,0.707,0.84,0.778,0.809,0.896,0.755,0.863,0.861,0.653,0.843,0.73,0.708,0.069,0.938,0.848,0.855,0.633,0.838,0.789,0.747,0.794,0.588,0.857,0.842,0.704,0.723,0.733,0.716,0.824,0.938,0.78,0.451,0.855,0.78,0.712,0.633,0.924,0.83,0.843,0.794,0.659,0.78,0.854,0.87,0.875,0.928,0.694,0.869,0.711,0.843,0.633,0.742,0.787,0.654,0.591,0.822,0.764,0.804,0.652,0.871,0.818,0.718,0.919,0.831,0.874,0.622,0.871,0.901,0.851,0.636,0.733,0.888,0.813,0.582,0.71,0.851,0.789,0.878,0.724,0.703,0.75,0.83,0.917,0.916,0.856,0.069
"STC2",0.637,0.907,0.933,0.621,0.789,0,0.666,0.83,0.929,0.86,0.575,0.824,0.742,0.768,0.749,0.867,0.834,0.731,0.929,0.931,0.71,0.88,0.934,0.777,0.892,0.911,0.705,0.956,0.861,0.875,0.807,0.892,0.339,0.755,0.608,0.694,0.805,0.741,0.765,0.544,0.91,0.816,0.6,0.945,0.774,0.904,0.816,0.672,0.853,0.767,0.828,0.732,0.939,0.834,0.785,0.827,0.582,0.839,0.735,0.95,0.884,0.913,0.811,0.939,0.686,0.739,0.791,0.907,0.658,0.935,0.614,0.928,0.622,0.905,0.857,0.767,0.964,0.752,0.775,0.786,0.86,0.873,0.685,0.735,0.791,0.901,0.933,0.772,0.603,0.886,0.339,0.752,0.741,0.615,0.657,0.862,0.928,0.95,0.536,0.705
"WNK2",0.813,0.905,0.892,0.742,0.767,0.666,0,0.848,0.896,0.723,0.732,0.373,0.865,0.809,0.776,0.643,0.78,0.823,0.896,0.904,0.83,0.73,0.937,0.834,0.794,0.882,0.857,0.848,0.862,0.855,0.732,0.764,0.552,0.699,0.739,0.783,0.886,0.812,0.895,0.615,0.875,0.725,0.682,0.848,0.74,0.868,0.85,0.851,0.709,0.879,0.887,0.644,0.895,0.755,0.805,0.637,0.731,0.856,0.875,0.928,0.763,0.673,0.834,0.895,0.863,0.791,0.808,0.91,0.757,0.936,0.825,0.902,0.726,0.877,0.485,0.801,0.786,0.907,0.864,0.602,0.678,0.874,0.876,0.882,0.672,0.763,0.918,0.87,0.681,0.812,0.552,0.87,0.576,0.839,0.58,0.743,0.907,0.925,0.763,0.857
"THOC6",0.731,0.874,0.878,0.809,0.845,0.83,0.848,0,0.832,0.875,0.812,0.635,0.905,0.767,0.817,0.891,0.843,0.692,0.832,0.95,0.834,0.786,0.946,0.814,0.872,0.819,0.781,0.857,0.881,0.704,0.868,0.854,0.704,0.776,0.66,0.741,0.807,0.743,0.894,0.817,0.809,0.803,0.846,0.957,0.855,0.929,0.596,0.896,0.814,0.879,0.9,0.835,0.816,0.808,0.861,0.76,0.887,0.783,0.784,0.856,0.751,0.925,0.754,0.816,0.826,0.808,0.71,0.922,0.856,0.949,0.804,0.828,0.862,0.738,0.868,0.866,0.774,0.793,0.81,0.802,0.885,0.889,0.857,0.869,0.782,0.904,0.838,0.844,0.839,0.862,0.704,0.884,0.748,0.839,0.836,0.745,0.466,0.699,0.747,0.781
"DCTN5",0.956,0.885,0.807,0.933,0.896,0.929,0.896,0.832,0,0.786,0.941,0.904,0.97,0.835,0.79,0.922,0.912,0.938,0,0.928,0.704,0.921,0.928,0.861,0.956,0.606,0.962,0.742,0.863,0.881,0.92,0.919,0.952,0.901,0.9,0.935,0.823,0.766,0.935,0.919,0.646,0.92,0.943,0.944,0.947,0.9,0.907,0.96,0.907,0.93,0.942,0.902,0.675,0.894,0.911,0.92,0.924,0.442,0.944,0.809,0.923,0.949,0.935,0.675,0.956,0.94,0.944,0.902,0.951,0.925,0.95,0.807,0.923,0.504,0.924,0.904,0.76,0.948,0.845,0.91,0.887,0.86,0.959,0.964,0.913,0.886,0.817,0.927,0.945,0.701,0.952,0.933,0.873,0.962,0.901,0.631,0.926,0.706,0.917,0.962
"SLC9A9",0.966,0.922,0.926,0.955,0.922,0.86,0.723,0.875,0.786,0,0.957,0.919,0.978,0.88,0.574,0.936,0.906,0.958,0.786,0.958,0.808,0.922,0.944,0.829,0.96,0.82,0.976,0.484,0.874,0.886,0.911,0.925,0.933,0.873,0.9,0.955,0.887,0.786,0.951,0.928,0.812,0.936,0.952,0.962,0.961,0.938,0.943,0.97,0.904,0.946,0.961,0.913,0.805,0.883,0.927,0.932,0.949,0.73,0.959,0.881,0.927,0.959,0.93,0.805,0.968,0.944,0.945,0.918,0.962,0.947,0.936,0.885,0.934,0.698,0.943,0.861,0.402,0.967,0.898,0.926,0.76,0.808,0.972,0.972,0.917,0.735,0.891,0.935,0.946,0.745,0.933,0.952,0.889,0.964,0.928,0.549,0.949,0.84,0.933,0.976
"RC3H2",0.478,0.921,0.85,0.76,0.795,0.575,0.732,0.812,0.941,0.957,0,0.587,0.766,0.831,0.735,0.796,0.808,0.461,0.941,0.961,0.685,0.828,0.95,0.848,0.909,0.927,0.573,0.963,0.876,0.874,0.821,0.84,0.473,0.717,0.702,0.715,0.871,0.82,0.785,0.677,0.927,0.825,0.702,0.921,0.832,0.942,0.781,0.781,0.825,0.768,0.804,0.757,0.872,0.831,0.771,0.746,0.574,0.881,0.727,0.934,0.835,0.855,0.781,0.872,0.713,0.567,0.741,0.926,0.658,0.958,0.733,0.938,0.699,0.93,0.698,0.855,0.976,0.756,0.839,0.774,0.883,0.895,0.773,0.704,0.802,0.903,0.954,0.759,0.636,0.9,0.473,0.848,0.74,0.676,0.465,0.889,0.875,0.963,0.708,0.573
"SIVA1",0.894,0.893,0.823,0.937,0.781,0.824,0.373,0.635,0.904,0.919,0.587,0,0.915,0.841,0.87,0.519,0.468,0.942,0.904,0.934,0.909,0.455,0.919,0.836,0.903,0.855,0.915,0.933,0.812,0.812,0.72,0.332,0.956,0.454,0.798,0.842,0.935,0.836,0.915,0.792,0.855,0.591,0.666,0.884,0.882,0.91,0.635,0.898,0.373,0.893,0.945,0.373,0.921,0.679,0.746,0.231,0.814,0.884,0.935,0.921,0.231,0.634,0.814,0.921,0.915,0.746,0.444,0.886,0.633,0.917,0.872,0.857,0.746,0.884,0.537,0.872,0.966,0.942,0.909,0.653,0.698,0.856,0.953,0.894,0.652,0.698,0.907,0.872,0.78,0.843,0.956,0.913,0.27,0.877,0.332,0.87,0.931,0.936,0.901,0.915
"GLYR1",0.214,0.911,0.966,0.806,0.652,0.742,0.865,0.905,0.97,0.978,0.766,0.915,0,0.89,0.548,0.923,0.889,0.808,0.97,0.927,0.889,0.93,0.915,0.861,0.891,0.952,0,0.984,0.941,0.949,0.857,0.933,0.806,0.8,0.85,0.642,0.866,0.858,0.601,0.795,0.938,0.896,0.855,0.977,0.906,0.901,0.872,0.674,0.907,0.587,0.927,0.884,0.974,0.918,0.714,0.863,0.845,0.938,0.794,0.976,0.903,0.924,0.709,0.974,0.311,0.756,0.733,0.909,0.421,0.931,0.654,0.906,0.576,0.96,0.936,0.863,0.988,0.671,0.898,0.79,0.943,0.941,0.73,0.254,0.859,0.957,0.939,0.606,0.677,0.904,0.806,0.862,0.832,0.615,0.79,0.947,0.971,0.976,0.806,0
"SGPP1",0.775,0.85,0.898,0.493,0.849,0.768,0.809,0.767,0.835,0.88,0.831,0.841,0.89,0,0.823,0.87,0.858,0.78,0.835,0.944,0.793,0.827,0.938,0.756,0.925,0.831,0.805,0.871,0.866,0.813,0.867,0.86,0.681,0.798,0.71,0.81,0.658,0.795,0.895,0.747,0.819,0.741,0.79,0.954,0.732,0.919,0.842,0.821,0.826,0.879,0.855,0.63,0.785,0.783,0.872,0.83,0.817,0.768,0.867,0.852,0.84,0.926,0.788,0.785,0.832,0.787,0.753,0.911,0.842,0.94,0.802,0.841,0.835,0.765,0.867,0.696,0.754,0.852,0.661,0.828,0.869,0.87,0.82,0.864,0.821,0.888,0.854,0.771,0.806,0.852,0.681,0.595,0.771,0.86,0.811,0.724,0.703,0.812,0.742,0.805
"TSC22D3",0,0.861,0.919,0.777,0.707,0.749,0.776,0.817,0.79,0.574,0.735,0.87,0.548,0.823,0,0.883,0.86,0.782,0.79,0.893,0.756,0.876,0.905,0.773,0.94,0.813,0.214,0.588,0.817,0.839,0.873,0.888,0.824,0.708,0.803,0.59,0.796,0.793,0.548,0.796,0.802,0.876,0.858,0.924,0.868,0.848,0.838,0.652,0.864,0.54,0.914,0.844,0.801,0.856,0.629,0.866,0.868,0.717,0.769,0.875,0.89,0.918,0.689,0.801,0.388,0.719,0.687,0.871,0.477,0.892,0.637,0.861,0.597,0.683,0.894,0.811,0.594,0.634,0.848,0.774,0.822,0.814,0.702,0.288,0.817,0.809,0.861,0.542,0.688,0.724,0.824,0.835,0.806,0.57,0.741,0.395,0.899,0.823,0.834,0.214
"PIK3AP1",0.902,0.905,0.815,0.94,0.84,0.867,0.643,0.891,0.922,0.936,0.796,0.519,0.923,0.87,0.883,0,0.786,0.945,0.922,0.937,0.924,0.546,0.931,0.845,0.912,0.902,0.91,0.936,0.84,0.846,0.791,0.659,0.954,0.654,0.873,0.901,0.945,0.832,0.926,0.866,0.898,0.78,0.735,0.89,0.892,0.906,0.859,0.92,0.597,0.915,0.948,0.604,0.926,0.793,0.792,0.631,0.858,0.894,0.947,0.934,0.687,0.64,0.876,0.926,0.926,0.83,0.755,0.9,0.791,0.93,0.884,0.894,0.81,0.897,0.631,0.881,0.965,0.954,0.926,0.735,0.705,0.836,0.963,0.909,0.777,0.791,0.929,0.878,0.853,0.848,0.954,0.934,0.708,0.898,0.57,0.857,0.932,0.947,0.916,0.91
"ACTG1",0.658,0.797,0.862,0.883,0.778,0.834,0.78,0.843,0.912,0.906,0.808,0.468,0.889,0.858,0.86,0.786,0,0.897,0.912,0.635,0.907,0.781,0.901,0.807,0.592,0.82,0.56,0.917,0.726,0.723,0.627,0.725,0.743,0.755,0.743,0.791,0.901,0.806,0.857,0.787,0.736,0.824,0.798,0.903,0.882,0.547,0.853,0.9,0.691,0.81,0.913,0.737,0.774,0.723,0.803,0.748,0.89,0.865,0.929,0.88,0.616,0.876,0.726,0.774,0.887,0.791,0.81,0.832,0.815,0.832,0.784,0.852,0.737,0.878,0.605,0.75,0.89,0.929,0.902,0.793,0.825,0.864,0.944,0.889,0.694,0.856,0.794,0.771,0.764,0.865,0.743,0.923,0.674,0.841,0.744,0.8,0.765,0.934,0.874,0.56
"ENTPD6",0.782,0.933,0.945,0.759,0.809,0.731,0.823,0.692,0.938,0.958,0.461,0.942,0.808,0.78,0.782,0.945,0.897,0,0.938,0.961,0.742,0.935,0.946,0.829,0.97,0.909,0.808,0.964,0.88,0.88,0.876,0.935,0.787,0.678,0.721,0.642,0.802,0.872,0.814,0.769,0.909,0.779,0.827,0.964,0.925,0.948,0.707,0.844,0.916,0.779,0.699,0.75,0.959,0.88,0.817,0.86,0.835,0.859,0.694,0.959,0.922,0.961,0.808,0.959,0.711,0.564,0.814,0.924,0.779,0.951,0.711,0.962,0.779,0.929,0.954,0.812,0.975,0.692,0.692,0.808,0.949,0.931,0.729,0.782,0.834,0.949,0.944,0.779,0.754,0.921,0.787,0.748,0.773,0.712,0.767,0.916,0.954,0.958,0.806,0.808
"DCTN4",0.956,0.885,0.807,0.933,0.896,0.929,0.896,0.832,0,0.786,0.941,0.904,0.97,0.835,0.79,0.922,0.912,0.938,0,0.928,0.704,0.921,0.928,0.861,0.956,0.606,0.962,0.742,0.863,0.881,0.92,0.919,0.952,0.901,0.9,0.935,0.823,0.766,0.935,0.919,0.646,0.92,0.943,0.944,0.947,0.9,0.907,0.96,0.907,0.93,0.942,0.902,0.675,0.894,0.911,0.92,0.924,0.442,0.944,0.809,0.923,0.949,0.935,0.675,0.956,0.94,0.944,0.902,0.951,0.925,0.95,0.807,0.923,0.504,0.924,0.904,0.76,0.948,0.845,0.91,0.887,0.86,0.959,0.964,0.913,0.886,0.817,0.927,0.945,0.701,0.952,0.933,0.873,0.962,0.901,0.631,0.926,0.706,0.917,0.962
"NDUFAF4",0.974,0.65,0.93,0.958,0.755,0.931,0.904,0.95,0.928,0.958,0.961,0.934,0.927,0.944,0.893,0.937,0.635,0.961,0.928,0,0.932,0.923,0.827,0.829,0.876,0.789,0.979,0.96,0.823,0.775,0.593,0.917,0.967,0.876,0.776,0.394,0.881,0.829,0.77,0.706,0.54,0.851,0.951,0.965,0.971,0.724,0.95,0.898,0.65,0.721,0.964,0.904,0.959,0.831,0.721,0.904,0.952,0.911,0.958,0.959,0.741,0.962,0.876,0.959,0.965,0.912,0.949,0.729,0.873,0.659,0.963,0.797,0.721,0.911,0.952,0.65,0.978,0.97,0.881,0.905,0.945,0.946,0.973,0.974,0.819,0.945,0.394,0.65,0.876,0.903,0.967,0.936,0.855,0.892,0.887,0.893,0.952,0.957,0.926,0.979
"PCYOX1L",0.852,0.886,0.942,0.769,0.863,0.71,0.83,0.834,0.704,0.808,0.685,0.909,0.889,0.793,0.756,0.924,0.907,0.742,0.704,0.932,0,0.919,0.926,0.832,0.957,0.816,0.881,0.77,0.86,0.88,0.906,0.92,0.473,0.862,0.757,0.845,0.785,0.769,0.899,0.734,0.817,0.888,0.857,0.946,0.94,0.906,0.901,0.822,0.909,0.893,0.804,0.834,0.494,0.894,0.889,0.912,0.796,0.643,0.836,0.725,0.923,0.947,0.915,0.494,0.86,0.86,0.922,0.899,0.862,0.926,0.861,0.841,0.839,0.631,0.927,0.883,0.784,0.86,0.781,0.892,0.898,0.871,0.799,0.886,0.887,0.897,0.843,0.893,0.813,0.499,0.473,0.857,0.831,0.888,0.85,0.661,0.929,0.764,0.752,0.881
"ADAP2",0.884,0.842,0.816,0.929,0.861,0.88,0.73,0.786,0.921,0.922,0.828,0.455,0.93,0.827,0.876,0.546,0.781,0.935,0.921,0.923,0.919,0,0.923,0.848,0.895,0.863,0.908,0.928,0.849,0.668,0.81,0.696,0.947,0.748,0.723,0.9,0.936,0.823,0.916,0.886,0.889,0.812,0.766,0.872,0.868,0.889,0.762,0.927,0.691,0.906,0.939,0.689,0.912,0.782,0.82,0.659,0.874,0.878,0.938,0.836,0.648,0.732,0.628,0.912,0.927,0.842,0.638,0.893,0.839,0.916,0.864,0.91,0.848,0.887,0.568,0.86,0.958,0.943,0.919,0.74,0.814,0.865,0.956,0.914,0.802,0.839,0.924,0.836,0.861,0.863,0.947,0.928,0.744,0.905,0.644,0.844,0.623,0.942,0.738,0.908
"SMC4",0.96,0.767,0.948,0.942,0.653,0.934,0.937,0.946,0.928,0.944,0.95,0.919,0.915,0.938,0.905,0.931,0.901,0.946,0.928,0.827,0.926,0.923,0,0.904,0.892,0.731,0.965,0.96,0.865,0.884,0.874,0.929,0.961,0.917,0.9,0.866,0.91,0.872,0.792,0.88,0.835,0.909,0.948,0.95,0.954,0.755,0.942,0.922,0.842,0.783,0.949,0.912,0.945,0.903,0.788,0.933,0.938,0.909,0.944,0.948,0.872,0.947,0.941,0.945,0.955,0.945,0.948,0.685,0.916,0.8,0.956,0.872,0.816,0.907,0.935,0.849,0.97,0.949,0.911,0.836,0.946,0.954,0.957,0.962,0.919,0.948,0.853,0.812,0.913,0.906,0.961,0.939,0.918,0.929,0.929,0.884,0.936,0.944,0.919,0.965
"SLC35D2",0.779,0.813,0.79,0.542,0.843,0.777,0.834,0.814,0.861,0.829,0.848,0.836,0.861,0.756,0.773,0.845,0.807,0.829,0.861,0.829,0.832,0.848,0.904,0,0.935,0.819,0.813,0.824,0.767,0.763,0.823,0.867,0.669,0.708,0.576,0.789,0.755,0.516,0.801,0.486,0.8,0.826,0.857,0.911,0.897,0.725,0.835,0.768,0.801,0.792,0.772,0.8,0.9,0.806,0.791,0.863,0.812,0.719,0.849,0.88,0.85,0.928,0.814,0.9,0.779,0.843,0.821,0.865,0.83,0.849,0.77,0.925,0.785,0.823,0.86,0.768,0.772,0.789,0.798,0.834,0.784,0.78,0.714,0.822,0.804,0.796,0.87,0.764,0.844,0.869,0.669,0.713,0.833,0.842,0.824,0.747,0.873,0.922,0.795,0.813
"PLEKHH2",0.94,0.835,0.955,0.969,0.73,0.892,0.794,0.872,0.956,0.96,0.909,0.903,0.891,0.925,0.94,0.912,0.592,0.97,0.956,0.876,0.957,0.895,0.892,0.935,0,0.859,0.954,0.979,0.919,0.919,0.518,0.867,0.981,0.827,0.887,0.769,0.917,0.923,0.881,0.784,0.791,0.737,0.866,0.972,0.91,0.805,0.921,0.772,0.692,0.811,0.971,0.873,0.969,0.798,0.859,0.873,0.916,0.951,0.97,0.969,0.532,0.893,0.851,0.969,0.928,0.908,0.904,0.826,0.916,0.878,0.92,0.807,0.859,0.951,0.923,0.76,0.986,0.976,0.917,0.794,0.9,0.951,0.977,0.94,0.592,0.902,0.849,0.76,0.842,0.917,0.981,0.958,0.8,0.87,0.873,0.941,0.965,0.968,0.955,0.954
"KIF3B",0.937,0.793,0.852,0.9,0.708,0.911,0.882,0.819,0.606,0.82,0.927,0.855,0.952,0.831,0.813,0.902,0.82,0.909,0.606,0.789,0.816,0.863,0.731,0.819,0.859,0,0.944,0.82,0.813,0.772,0.805,0.875,0.924,0.855,0.752,0.847,0.828,0.766,0.878,0.85,0.283,0.887,0.924,0.919,0.918,0.627,0.895,0.945,0.763,0.855,0.916,0.875,0.78,0.826,0.839,0.882,0.92,0.694,0.939,0.864,0.775,0.947,0.85,0.78,0.949,0.906,0.881,0.666,0.921,0.865,0.925,0.623,0.851,0.6,0.883,0.78,0.749,0.945,0.827,0.815,0.88,0.875,0.957,0.963,0.849,0.888,0.616,0.783,0.898,0.791,0.924,0.912,0.815,0.937,0.868,0.586,0.802,0.802,0.877,0.944
"ZBED1",0.214,0.959,0.944,0.806,0.069,0.705,0.857,0.781,0.962,0.976,0.573,0.915,0,0.805,0.214,0.91,0.56,0.808,0.962,0.979,0.881,0.908,0.965,0.813,0.954,0.944,0,0.981,0.923,0.923,0.75,0.893,0.846,0.214,0.762,0.186,0.82,0.87,0.351,0.781,0.944,0.875,0.826,0.977,0.906,0.972,0.789,0.609,0.884,0.186,0.927,0.854,0.974,0.887,0.387,0.784,0.886,0.918,0.765,0.974,0.884,0.914,0,0.974,0,0.597,0.351,0.951,0,0.973,0.401,0.935,0.186,0.957,0.936,0.709,0.988,0.498,0.867,0,0.914,0.908,0.682,0,0.524,0.914,0.968,0.186,0.351,0.885,0.846,0.805,0.575,0.387,0.377,0.947,0.971,0.974,0.847,0
"SLC25A26",0.977,0.932,0.903,0.96,0.938,0.956,0.848,0.857,0.742,0.484,0.963,0.933,0.984,0.871,0.588,0.936,0.917,0.964,0.742,0.96,0.77,0.928,0.96,0.824,0.979,0.82,0.981,0,0.913,0.918,0.937,0.897,0.933,0.872,0.927,0.961,0.861,0.757,0.96,0.945,0.803,0.933,0.957,0.867,0.972,0.939,0.947,0.979,0.929,0.959,0.971,0.934,0.805,0.918,0.934,0.943,0.959,0.675,0.966,0.849,0.937,0.956,0.948,0.805,0.976,0.961,0.953,0.944,0.944,0.954,0.952,0.854,0.939,0.639,0.91,0.906,0.402,0.969,0.889,0.934,0.774,0.667,0.978,0.98,0.929,0.741,0.871,0.947,0.967,0.694,0.933,0.963,0.901,0.969,0.928,0.549,0.958,0.781,0.951,0.981
"CLDN15",0.916,0.783,0.88,0.868,0.848,0.861,0.862,0.881,0.863,0.874,0.876,0.812,0.941,0.866,0.817,0.84,0.726,0.88,0.863,0.823,0.86,0.849,0.865,0.767,0.919,0.813,0.923,0.913,0,0.446,0.824,0.865,0.9,0.805,0.786,0.839,0.894,0.739,0.845,0.81,0.796,0.842,0.895,0.893,0.888,0.752,0.884,0.921,0.798,0.836,0.889,0.809,0.883,0.608,0.805,0.855,0.858,0.803,0.894,0.913,0.842,0.91,0.867,0.883,0.916,0.877,0.902,0.799,0.901,0.823,0.912,0.882,0.824,0.797,0.844,0.825,0.91,0.897,0.853,0.829,0.884,0.895,0.924,0.938,0.785,0.871,0.792,0.821,0.885,0.827,0.9,0.862,0.846,0.923,0.844,0.719,0.856,0.902,0.84,0.923
"PCDHB2",0.916,0.785,0.834,0.868,0.855,0.875,0.855,0.704,0.881,0.886,0.874,0.812,0.949,0.813,0.839,0.846,0.723,0.88,0.881,0.775,0.88,0.668,0.884,0.763,0.919,0.772,0.923,0.918,0.446,0,0.787,0.791,0.9,0.797,0.598,0.843,0.904,0.742,0.869,0.825,0.781,0.854,0.865,0.893,0.888,0.752,0.775,0.933,0.775,0.853,0.889,0.802,0.883,0.594,0.826,0.793,0.879,0.821,0.911,0.85,0.641,0.904,0.735,0.883,0.927,0.866,0.706,0.818,0.901,0.853,0.881,0.889,0.84,0.821,0.844,0.81,0.91,0.914,0.867,0.794,0.783,0.899,0.936,0.947,0.781,0.682,0.807,0.805,0.866,0.849,0.9,0.873,0.819,0.926,0.845,0.719,0.532,0.917,0.642,0.923
"FAM107A",0.764,0.803,0.887,0.82,0.633,0.807,0.732,0.868,0.92,0.911,0.821,0.72,0.857,0.867,0.873,0.791,0.627,0.876,0.92,0.593,0.906,0.81,0.874,0.823,0.518,0.805,0.75,0.937,0.824,0.787,0,0.722,0.712,0.732,0.77,0.754,0.904,0.812,0.853,0.726,0.772,0.741,0.79,0.584,0.832,0.589,0.865,0.868,0.654,0.821,0.919,0.79,0.911,0.698,0.76,0.765,0.799,0.886,0.925,0.939,0.625,0.848,0.822,0.911,0.896,0.8,0.839,0.775,0.768,0.861,0.848,0.821,0.782,0.901,0.772,0.727,0.928,0.94,0.896,0.624,0.753,0.882,0.934,0.895,0.605,0.766,0.796,0.755,0.775,0.856,0.712,0.913,0.638,0.847,0.749,0.847,0.914,0.946,0.87,0.75
"SEMA4G",0.884,0.842,0.837,0.929,0.838,0.892,0.764,0.854,0.919,0.925,0.84,0.332,0.933,0.86,0.888,0.659,0.725,0.935,0.919,0.917,0.92,0.696,0.929,0.867,0.867,0.875,0.893,0.897,0.865,0.791,0.722,0,0.943,0.702,0.813,0.897,0.936,0.855,0.922,0.878,0.745,0.78,0.75,0.872,0.868,0.885,0.859,0.931,0.735,0.905,0.939,0.774,0.912,0.53,0.837,0.663,0.897,0.892,0.949,0.894,0.554,0.79,0.813,0.912,0.931,0.832,0.772,0.88,0.853,0.924,0.894,0.879,0.856,0.897,0.47,0.855,0.941,0.955,0.925,0.763,0.832,0.859,0.963,0.928,0.808,0.835,0.89,0.859,0.868,0.856,0.943,0.933,0.654,0.913,0.697,0.844,0.689,0.941,0.788,0.893
"TMPRSS5",0.824,0.945,0.9,0.67,0.789,0.339,0.552,0.704,0.952,0.933,0.473,0.956,0.806,0.681,0.824,0.954,0.743,0.787,0.952,0.967,0.473,0.947,0.961,0.669,0.981,0.924,0.846,0.933,0.9,0.9,0.712,0.943,0,0.698,0.339,0.707,0.665,0.644,0.852,0.417,0.924,0.816,0.525,0.975,0.943,0.952,0.726,0.675,0.933,0.815,0.901,0.692,0.97,0.9,0.859,0.817,0.516,0.733,0.724,0.941,0.937,0.973,0.846,0.97,0.743,0.787,0.852,0.944,0.626,0.957,0.696,0.973,0.633,0.94,0.965,0.803,0.957,0.704,0.748,0.707,0.916,0.882,0.672,0.824,0.708,0.933,0.952,0.815,0.482,0.94,0,0.685,0.459,0.776,0.527,0.933,0.964,0.969,0.482,0.846
"GLRX2",0,0.8,0.751,0.71,0.747,0.755,0.699,0.776,0.901,0.873,0.717,0.454,0.8,0.798,0.708,0.654,0.755,0.678,0.901,0.876,0.862,0.748,0.917,0.708,0.827,0.855,0.214,0.872,0.805,0.797,0.732,0.702,0.698,0,0.695,0.595,0.877,0.723,0.776,0.756,0.84,0.7,0.741,0.752,0.799,0.816,0.766,0.813,0.673,0.716,0.84,0.716,0.886,0.753,0.676,0.657,0.819,0.831,0.829,0.903,0.748,0.781,0.62,0.886,0.703,0.652,0.679,0.881,0.589,0.902,0.727,0.909,0.666,0.866,0.543,0.78,0.9,0.801,0.852,0.617,0.748,0.754,0.834,0.711,0.658,0.742,0.899,0.726,0.688,0.856,0.698,0.833,0.639,0.728,0.594,0.773,0.602,0.934,0.769,0.214
"VCAN",0.729,0.736,0.82,0.509,0.794,0.608,0.739,0.66,0.9,0.9,0.702,0.798,0.85,0.71,0.803,0.873,0.743,0.721,0.9,0.776,0.757,0.723,0.9,0.576,0.887,0.752,0.762,0.927,0.786,0.598,0.77,0.813,0.339,0.695,0,0.708,0.829,0.689,0.823,0.524,0.773,0.817,0.682,0.888,0.878,0.648,0.731,0.78,0.784,0.787,0.657,0.754,0.877,0.771,0.797,0.759,0.707,0.821,0.813,0.856,0.675,0.937,0.64,0.877,0.81,0.748,0.628,0.848,0.769,0.87,0.744,0.923,0.716,0.85,0.833,0.745,0.9,0.816,0.781,0.721,0.896,0.902,0.758,0.859,0.768,0.889,0.859,0.735,0.672,0.874,0.339,0.742,0.685,0.84,0.732,0.689,0.466,0.931,0.482,0.762
"MNAT1",0.0610000000000001,0.871,0.92,0.7,0.588,0.694,0.783,0.741,0.935,0.955,0.715,0.842,0.642,0.81,0.59,0.901,0.791,0.642,0.935,0.394,0.845,0.9,0.866,0.789,0.769,0.847,0.186,0.961,0.839,0.843,0.754,0.897,0.707,0.595,0.708,0,0.804,0.823,0.638,0.692,0.837,0.821,0.82,0.902,0.728,0.707,0.731,0.726,0.823,0.563,0.874,0.788,0.936,0.844,0.582,0.845,0.831,0.873,0.703,0.956,0.847,0.937,0.678,0.936,0.449,0.71,0.689,0.842,0.56,0.909,0.521,0.904,0.521,0.917,0.874,0.764,0.964,0.542,0.825,0.539,0.872,0.888,0.692,0.571,0.735,0.93,0.803,0.575,0.625,0.905,0.707,0.792,0.77,0.623,0.692,0.853,0.931,0.957,0.788,0.186
"AGPS",0.797,0.828,0.939,0.633,0.857,0.805,0.886,0.807,0.823,0.887,0.871,0.935,0.866,0.658,0.796,0.945,0.901,0.802,0.823,0.881,0.785,0.936,0.91,0.755,0.917,0.828,0.82,0.861,0.894,0.904,0.904,0.936,0.665,0.877,0.829,0.804,0,0.675,0.842,0.773,0.788,0.829,0.89,0.961,0.918,0.832,0.89,0.812,0.893,0.826,0.854,0.687,0.819,0.913,0.86,0.935,0.851,0.736,0.848,0.895,0.907,0.961,0.902,0.819,0.791,0.904,0.9,0.872,0.852,0.896,0.815,0.732,0.828,0.675,0.949,0.73,0.826,0.794,0.488,0.907,0.916,0.887,0.801,0.838,0.885,0.929,0.735,0.817,0.866,0.867,0.665,0.576,0.836,0.872,0.813,0.789,0.949,0.616,0.845,0.82
"IMMP1L",0.843,0.747,0.773,0.818,0.842,0.741,0.812,0.743,0.766,0.786,0.82,0.836,0.858,0.795,0.793,0.832,0.806,0.872,0.766,0.829,0.769,0.823,0.872,0.516,0.923,0.766,0.87,0.757,0.739,0.742,0.812,0.855,0.644,0.723,0.689,0.823,0.675,0,0.816,0.728,0.736,0.852,0.842,0.911,0.897,0.725,0.826,0.786,0.776,0.815,0.906,0.807,0.863,0.795,0.796,0.851,0.784,0.654,0.842,0.826,0.834,0.917,0.828,0.863,0.846,0.846,0.834,0.831,0.834,0.783,0.802,0.744,0.762,0.641,0.86,0.795,0.772,0.836,0.732,0.835,0.752,0.737,0.788,0.871,0.796,0.772,0.73,0.774,0.817,0.827,0.644,0.846,0.8,0.85,0.769,0.747,0.873,0.625,0.748,0.87
"GATAD2B",0.236,0.719,0.943,0.813,0.704,0.765,0.895,0.894,0.935,0.951,0.785,0.915,0.601,0.895,0.548,0.926,0.857,0.814,0.935,0.77,0.899,0.916,0.792,0.801,0.881,0.878,0.351,0.96,0.845,0.869,0.853,0.922,0.852,0.776,0.823,0.638,0.842,0.816,0,0.777,0.814,0.883,0.862,0.956,0.852,0.632,0.882,0.726,0.803,0.16,0.93,0.88,0.949,0.872,0.362,0.906,0.91,0.896,0.82,0.955,0.847,0.932,0.671,0.949,0.345,0.735,0.627,0.767,0.49,0.773,0.7,0.865,0.441,0.905,0.937,0.761,0.969,0.694,0.885,0.816,0.931,0.928,0.766,0.448,0.841,0.943,0.833,0.489,0.665,0.902,0.852,0.87,0.883,0.52,0.826,0.859,0.938,0.955,0.878,0.351
"B4GALT7",0.733,0.784,0.916,0.621,0.723,0.544,0.615,0.817,0.919,0.928,0.677,0.792,0.795,0.747,0.796,0.866,0.787,0.769,0.919,0.706,0.734,0.886,0.88,0.486,0.784,0.85,0.781,0.945,0.81,0.825,0.726,0.878,0.417,0.756,0.524,0.692,0.773,0.728,0.777,0,0.798,0.779,0.654,0.933,0.81,0.547,0.823,0.714,0.772,0.732,0.803,0.747,0.925,0.798,0.75,0.784,0.578,0.806,0.759,0.943,0.768,0.91,0.828,0.925,0.755,0.804,0.846,0.815,0.709,0.835,0.754,0.893,0.651,0.884,0.833,0.747,0.946,0.772,0.786,0.694,0.891,0.91,0.716,0.814,0.729,0.906,0.834,0.741,0.619,0.882,0.417,0.75,0.689,0.796,0.672,0.8,0.908,0.945,0.572,0.781
"KIF3A",0.937,0.674,0.854,0.9,0.733,0.91,0.875,0.809,0.646,0.812,0.927,0.855,0.938,0.819,0.802,0.898,0.736,0.909,0.646,0.54,0.817,0.889,0.835,0.8,0.791,0.283,0.944,0.803,0.796,0.781,0.772,0.745,0.924,0.84,0.773,0.837,0.788,0.736,0.814,0.798,0,0.87,0.922,0.908,0.918,0.291,0.913,0.926,0.68,0.765,0.916,0.875,0.78,0.728,0.778,0.876,0.921,0.712,0.939,0.876,0.676,0.945,0.862,0.78,0.948,0.896,0.908,0.619,0.896,0.782,0.938,0.577,0.784,0.589,0.883,0.677,0.669,0.944,0.791,0.843,0.873,0.864,0.957,0.963,0.831,0.877,0.523,0.725,0.875,0.79,0.924,0.912,0.786,0.93,0.854,0.586,0.689,0.757,0.865,0.944
"IP6K2",0.854,0.866,0.842,0.706,0.716,0.816,0.725,0.803,0.92,0.936,0.825,0.591,0.896,0.741,0.876,0.78,0.824,0.779,0.92,0.851,0.888,0.812,0.909,0.826,0.737,0.887,0.875,0.933,0.842,0.854,0.741,0.78,0.816,0.7,0.817,0.821,0.829,0.852,0.883,0.779,0.87,0,0.816,0.638,0.78,0.798,0.699,0.871,0.675,0.859,0.806,0.58,0.899,0.781,0.797,0.699,0.839,0.865,0.883,0.936,0.777,0.84,0.861,0.899,0.864,0.823,0.792,0.867,0.794,0.898,0.865,0.886,0.784,0.9,0.375,0.763,0.962,0.886,0.788,0.724,0.857,0.878,0.894,0.891,0.77,0.846,0.891,0.858,0.823,0.862,0.816,0.79,0.719,0.869,0.734,0.867,0.923,0.944,0.867,0.875
"HDAC7",0.763,0.888,0.903,0.744,0.824,0.6,0.682,0.846,0.943,0.952,0.702,0.666,0.855,0.79,0.858,0.735,0.798,0.827,0.943,0.951,0.857,0.766,0.948,0.857,0.866,0.924,0.826,0.957,0.895,0.865,0.79,0.75,0.525,0.741,0.682,0.82,0.89,0.842,0.862,0.654,0.922,0.816,0,0.912,0.851,0.936,0.865,0.837,0.783,0.864,0.889,0.746,0.94,0.768,0.817,0.77,0.727,0.891,0.844,0.924,0.78,0.748,0.754,0.94,0.821,0.746,0.726,0.928,0.713,0.953,0.745,0.929,0.759,0.929,0.737,0.869,0.972,0.883,0.868,0.772,0.854,0.901,0.85,0.853,0.766,0.883,0.95,0.829,0.629,0.892,0.525,0.865,0.704,0.755,0.668,0.895,0.797,0.958,0.67,0.826
"UGT3A2",0.973,0.94,0.893,0.962,0.938,0.945,0.848,0.957,0.944,0.962,0.921,0.884,0.977,0.954,0.924,0.89,0.903,0.964,0.944,0.965,0.946,0.872,0.95,0.911,0.972,0.919,0.977,0.867,0.893,0.893,0.584,0.872,0.975,0.752,0.888,0.902,0.961,0.911,0.956,0.933,0.908,0.638,0.912,0,0.971,0.954,0.957,0.973,0.848,0.949,0.965,0.848,0.947,0.893,0.847,0.731,0.959,0.936,0.962,0.947,0.848,0.917,0.918,0.947,0.966,0.847,0.93,0.931,0.334,0.957,0.966,0.964,0.847,0.936,0.77,0.944,0.982,0.97,0.946,0.771,0.933,0.852,0.972,0.973,0.717,0.82,0.95,0.946,0.942,0.929,0.975,0.948,0.567,0.969,0.802,0.924,0.957,0.961,0.943,0.977
"GPATCH2",0.868,0.942,0.952,0.921,0.78,0.774,0.74,0.855,0.947,0.961,0.832,0.882,0.906,0.732,0.868,0.892,0.882,0.925,0.947,0.971,0.94,0.868,0.954,0.897,0.91,0.918,0.906,0.972,0.888,0.888,0.832,0.868,0.943,0.799,0.878,0.728,0.918,0.897,0.852,0.81,0.918,0.78,0.851,0.971,0,0.96,0.908,0.881,0.742,0.841,0.929,0.81,0.966,0.742,0.841,0.836,0.899,0.882,0.923,0.966,0.836,0.887,0.827,0.966,0.852,0.849,0.852,0.932,0.841,0.962,0.847,0.915,0.88,0.939,0.911,0.824,0.983,0.944,0.88,0.477,0.6,0.788,0.947,0.868,0.508,0.881,0.954,0.88,0.852,0.904,0.943,0.884,0.794,0.841,0.833,0.925,0.962,0.966,0.921,0.906
"LRCH3",0.966,0.45,0.898,0.943,0.451,0.904,0.868,0.929,0.9,0.938,0.942,0.91,0.901,0.919,0.848,0.906,0.547,0.948,0.9,0.724,0.906,0.889,0.755,0.725,0.805,0.627,0.972,0.939,0.752,0.752,0.589,0.885,0.952,0.816,0.648,0.707,0.832,0.725,0.632,0.547,0.291,0.798,0.936,0.954,0.96,0,0.929,0.898,0.167,0.569,0.952,0.868,0.947,0.752,0.569,0.868,0.93,0.868,0.941,0.946,0.475,0.949,0.816,0.947,0.95,0.87,0.934,0.548,0.811,0.63,0.949,0.813,0.569,0.868,0.933,0.167,0.966,0.952,0.832,0.869,0.918,0.918,0.963,0.966,0.774,0.919,0.707,0.167,0.806,0.866,0.952,0.913,0.811,0.905,0.889,0.848,0.935,0.942,0.895,0.972
"CTNNBL1",0.742,0.892,0.843,0.819,0.855,0.816,0.85,0.596,0.907,0.943,0.781,0.635,0.872,0.842,0.838,0.859,0.853,0.707,0.907,0.95,0.901,0.762,0.942,0.835,0.921,0.895,0.789,0.947,0.884,0.775,0.865,0.859,0.726,0.766,0.731,0.731,0.89,0.826,0.882,0.823,0.913,0.699,0.865,0.957,0.908,0.929,0,0.876,0.72,0.87,0.904,0.821,0.916,0.851,0.863,0.751,0.858,0.884,0.718,0.89,0.8,0.898,0.793,0.916,0.787,0.751,0.629,0.918,0.838,0.944,0.783,0.938,0.854,0.919,0.868,0.879,0.95,0.731,0.874,0.825,0.898,0.921,0.816,0.829,0.852,0.917,0.946,0.831,0.815,0.865,0.726,0.878,0.8,0.833,0.835,0.888,0.764,0.956,0.771,0.789
"MTRF1",0.489,0.896,0.965,0.666,0.78,0.672,0.851,0.896,0.96,0.97,0.781,0.898,0.674,0.821,0.652,0.92,0.9,0.844,0.96,0.898,0.822,0.927,0.922,0.768,0.772,0.945,0.609,0.979,0.921,0.933,0.868,0.931,0.675,0.813,0.78,0.726,0.812,0.786,0.726,0.714,0.926,0.871,0.837,0.973,0.881,0.898,0.876,0,0.899,0.709,0.913,0.85,0.968,0.904,0.778,0.89,0.802,0.919,0.817,0.97,0.902,0.938,0.832,0.968,0.607,0.716,0.803,0.889,0.688,0.911,0.576,0.906,0.732,0.949,0.917,0.843,0.986,0.719,0.869,0.857,0.941,0.942,0.442,0.572,0.792,0.955,0.894,0.719,0.75,0.922,0.675,0.793,0.855,0.719,0.812,0.929,0.964,0.97,0.765,0.609
"FGD4",0.86,0.687,0.873,0.908,0.712,0.853,0.709,0.814,0.907,0.904,0.825,0.373,0.907,0.826,0.864,0.597,0.691,0.916,0.907,0.65,0.909,0.691,0.842,0.801,0.692,0.763,0.884,0.929,0.798,0.775,0.654,0.735,0.933,0.673,0.784,0.823,0.893,0.776,0.803,0.772,0.68,0.675,0.783,0.848,0.742,0.167,0.72,0.899,0,0.755,0.921,0.714,0.895,0.531,0.723,0.667,0.861,0.866,0.934,0.884,0.545,0.783,0.823,0.895,0.919,0.82,0.76,0.696,0.797,0.776,0.869,0.778,0.735,0.873,0.485,0.577,0.944,0.939,0.882,0.759,0.725,0.839,0.953,0.916,0.682,0.79,0.733,0.513,0.812,0.845,0.933,0.911,0.705,0.882,0.663,0.807,0.868,0.937,0.886,0.884
"SMARCE1",0.0610000000000001,0.697,0.936,0.776,0.633,0.767,0.879,0.879,0.93,0.946,0.768,0.893,0.587,0.879,0.54,0.915,0.81,0.779,0.93,0.721,0.893,0.906,0.783,0.792,0.811,0.855,0.186,0.959,0.836,0.853,0.821,0.905,0.815,0.716,0.787,0.563,0.826,0.815,0.16,0.732,0.765,0.859,0.864,0.949,0.841,0.569,0.87,0.709,0.755,0,0.917,0.864,0.942,0.853,0.305,0.886,0.901,0.892,0.829,0.954,0.813,0.934,0.65,0.942,0.458,0.718,0.66,0.762,0.427,0.768,0.681,0.853,0.323,0.902,0.918,0.706,0.963,0.713,0.863,0.778,0.924,0.919,0.788,0.488,0.809,0.93,0.805,0.424,0.623,0.895,0.815,0.854,0.854,0.524,0.767,0.846,0.929,0.952,0.872,0.186
"NPL",0.914,0.937,0.954,0.739,0.924,0.828,0.887,0.9,0.942,0.961,0.804,0.945,0.927,0.855,0.914,0.948,0.913,0.699,0.942,0.964,0.804,0.939,0.949,0.772,0.971,0.916,0.927,0.971,0.889,0.889,0.919,0.939,0.901,0.84,0.657,0.874,0.854,0.906,0.93,0.803,0.916,0.806,0.889,0.965,0.929,0.952,0.904,0.913,0.921,0.917,0,0.81,0.961,0.889,0.928,0.926,0.896,0.883,0.883,0.961,0.926,0.963,0.914,0.961,0.891,0.853,0.93,0.928,0.904,0.955,0.891,0.963,0.905,0.934,0.957,0.855,0.981,0.9,0.594,0.912,0.952,0.947,0.826,0.914,0.842,0.952,0.948,0.917,0.875,0.926,0.901,0.671,0.718,0.904,0.902,0.921,0.956,0.96,0.876,0.927
"DGKE",0.833,0.876,0.866,0.709,0.83,0.732,0.644,0.835,0.902,0.913,0.757,0.373,0.884,0.63,0.844,0.604,0.737,0.75,0.902,0.904,0.834,0.689,0.912,0.8,0.873,0.875,0.854,0.934,0.809,0.802,0.79,0.774,0.692,0.716,0.754,0.788,0.687,0.807,0.88,0.747,0.875,0.58,0.746,0.848,0.81,0.868,0.821,0.85,0.714,0.864,0.81,0,0.863,0.772,0.804,0.7,0.764,0.81,0.816,0.919,0.78,0.804,0.774,0.863,0.829,0.817,0.817,0.877,0.783,0.905,0.814,0.911,0.759,0.871,0.485,0.685,0.951,0.816,0.611,0.737,0.816,0.854,0.851,0.863,0.773,0.836,0.905,0.848,0.795,0.854,0.692,0.628,0.694,0.855,0.605,0.829,0.881,0.931,0.782,0.854
"PRG2",0.969,0.913,0.737,0.957,0.843,0.939,0.895,0.816,0.675,0.805,0.872,0.921,0.974,0.785,0.801,0.926,0.774,0.959,0.675,0.959,0.494,0.912,0.945,0.9,0.969,0.78,0.974,0.805,0.883,0.883,0.911,0.912,0.97,0.886,0.877,0.936,0.819,0.863,0.949,0.925,0.78,0.899,0.94,0.947,0.966,0.947,0.916,0.968,0.895,0.942,0.961,0.863,0,0.883,0.899,0.867,0.862,0.675,0.957,0,0.895,0.943,0.909,0,0.961,0.899,0.951,0.924,0.939,0.95,0.961,0.853,0.899,0.711,0.938,0.918,0.879,0.964,0.819,0.887,0.865,0.839,0.968,0.969,0.864,0.906,0.853,0.938,0.937,0.541,0.97,0.942,0.794,0.966,0.889,0.801,0.952,0.804,0.936,0.974
"PLXNC1",0.864,0.814,0.88,0.868,0.794,0.834,0.755,0.808,0.894,0.883,0.831,0.679,0.918,0.783,0.856,0.793,0.723,0.88,0.894,0.831,0.894,0.782,0.903,0.806,0.798,0.826,0.887,0.918,0.608,0.594,0.698,0.53,0.9,0.753,0.771,0.844,0.913,0.795,0.872,0.798,0.728,0.781,0.768,0.893,0.742,0.752,0.851,0.904,0.531,0.853,0.889,0.772,0.883,0,0.791,0.736,0.838,0.842,0.923,0.857,0.627,0.841,0.78,0.883,0.899,0.793,0.8,0.85,0.861,0.88,0.851,0.863,0.845,0.845,0.731,0.709,0.91,0.925,0.884,0.729,0.739,0.84,0.944,0.909,0.665,0.81,0.868,0.673,0.819,0.834,0.9,0.885,0.683,0.869,0.781,0.719,0.721,0.925,0.794,0.887
"CBX3",0.206,0.725,0.859,0.815,0.659,0.785,0.805,0.861,0.911,0.927,0.771,0.746,0.714,0.872,0.629,0.792,0.803,0.817,0.911,0.721,0.889,0.82,0.788,0.791,0.859,0.839,0.387,0.934,0.805,0.826,0.76,0.837,0.859,0.676,0.797,0.582,0.86,0.796,0.362,0.75,0.778,0.797,0.817,0.847,0.841,0.569,0.863,0.778,0.723,0.305,0.928,0.804,0.899,0.791,0,0.812,0.88,0.872,0.852,0.932,0.784,0.862,0.656,0.899,0.536,0.606,0.674,0.75,0.512,0.787,0.755,0.857,0.321,0.875,0.797,0.747,0.952,0.782,0.879,0.62,0.829,0.809,0.818,0.603,0.758,0.892,0.822,0.589,0.65,0.866,0.859,0.871,0.78,0.573,0.741,0.821,0.914,0.937,0.872,0.387
"CLCF1",0.798,0.858,0.774,0.874,0.78,0.827,0.637,0.76,0.92,0.932,0.746,0.231,0.863,0.83,0.866,0.631,0.748,0.86,0.92,0.904,0.912,0.659,0.933,0.863,0.873,0.882,0.784,0.943,0.855,0.793,0.765,0.663,0.817,0.657,0.759,0.845,0.935,0.851,0.906,0.784,0.876,0.699,0.77,0.731,0.836,0.868,0.751,0.89,0.667,0.886,0.926,0.7,0.867,0.736,0.812,0,0.79,0.899,0.922,0.903,0.647,0.742,0.767,0.867,0.881,0.751,0.718,0.905,0.771,0.931,0.84,0.897,0.811,0.901,0.148,0.857,0.951,0.935,0.914,0.659,0.812,0.885,0.933,0.875,0.719,0.819,0.925,0.859,0.71,0.838,0.817,0.915,0.56,0.854,0.605,0.829,0.626,0.947,0.799,0.784
"DCAF15",0.853,0.918,0.873,0.749,0.854,0.582,0.731,0.887,0.924,0.949,0.574,0.814,0.845,0.817,0.868,0.858,0.89,0.835,0.924,0.952,0.796,0.874,0.938,0.812,0.916,0.92,0.886,0.959,0.858,0.879,0.799,0.897,0.516,0.819,0.707,0.831,0.851,0.784,0.91,0.578,0.921,0.839,0.727,0.959,0.899,0.93,0.858,0.802,0.861,0.901,0.896,0.764,0.862,0.838,0.88,0.79,0,0.852,0.789,0.92,0.892,0.915,0.902,0.862,0.847,0.867,0.888,0.909,0.791,0.943,0.835,0.934,0.777,0.912,0.855,0.874,0.971,0.858,0.832,0.84,0.893,0.924,0.789,0.873,0.839,0.92,0.944,0.876,0.729,0.882,0.516,0.842,0.769,0.852,0.577,0.885,0.944,0.956,0.571,0.886
"COG6",0.908,0.854,0.88,0.844,0.87,0.839,0.856,0.783,0.442,0.73,0.881,0.884,0.938,0.768,0.717,0.894,0.865,0.859,0.442,0.911,0.643,0.878,0.909,0.719,0.951,0.694,0.918,0.675,0.803,0.821,0.886,0.892,0.733,0.831,0.821,0.873,0.736,0.654,0.896,0.806,0.712,0.865,0.891,0.936,0.882,0.868,0.884,0.919,0.866,0.892,0.883,0.81,0.675,0.842,0.872,0.899,0.852,0,0.875,0.782,0.892,0.935,0.888,0.675,0.904,0.905,0.909,0.873,0.909,0.893,0.857,0.807,0.85,0.347,0.909,0.865,0.749,0.876,0.767,0.877,0.824,0.751,0.913,0.928,0.873,0.845,0.807,0.874,0.884,0.635,0.733,0.847,0.839,0.9,0.849,0.586,0.913,0.717,0.848,0.918
"TRMT6",0.719,0.933,0.956,0.8,0.875,0.735,0.875,0.784,0.944,0.959,0.727,0.935,0.794,0.867,0.769,0.947,0.929,0.694,0.944,0.958,0.836,0.938,0.944,0.849,0.97,0.939,0.765,0.966,0.894,0.911,0.925,0.949,0.724,0.829,0.813,0.703,0.848,0.842,0.82,0.759,0.939,0.883,0.844,0.962,0.923,0.941,0.718,0.817,0.934,0.829,0.883,0.816,0.957,0.923,0.852,0.922,0.789,0.875,0,0.96,0.945,0.961,0.885,0.957,0.679,0.827,0.869,0.922,0.795,0.951,0.758,0.965,0.803,0.926,0.95,0.905,0.975,0.51,0.827,0.893,0.956,0.944,0.634,0.735,0.918,0.96,0.953,0.818,0.807,0.922,0.724,0.838,0.89,0.731,0.856,0.901,0.95,0.959,0.747,0.765
"CRISPLD2",0.969,0.869,0.858,0.957,0.928,0.95,0.928,0.856,0.809,0.881,0.934,0.921,0.976,0.852,0.875,0.934,0.88,0.959,0.809,0.959,0.725,0.836,0.948,0.88,0.969,0.864,0.974,0.849,0.913,0.85,0.939,0.894,0.941,0.903,0.856,0.956,0.895,0.826,0.955,0.943,0.876,0.936,0.924,0.947,0.966,0.946,0.89,0.97,0.884,0.954,0.961,0.919,0,0.857,0.932,0.903,0.92,0.782,0.96,0,0.858,0.949,0.856,0,0.967,0.921,0.868,0.932,0.96,0.951,0.928,0.901,0.938,0.78,0.938,0.888,0.879,0.963,0.913,0.917,0.913,0.89,0.969,0.972,0.938,0.928,0.903,0.836,0.948,0.685,0.941,0.957,0.908,0.965,0.927,0.801,0.831,0.849,0.867,0.974
"EVL",0.86,0.734,0.843,0.915,0.694,0.884,0.763,0.751,0.923,0.927,0.835,0.231,0.903,0.84,0.89,0.687,0.616,0.922,0.923,0.741,0.923,0.648,0.872,0.85,0.532,0.775,0.884,0.937,0.842,0.641,0.625,0.554,0.937,0.748,0.675,0.847,0.907,0.834,0.847,0.768,0.676,0.777,0.78,0.848,0.836,0.475,0.8,0.902,0.545,0.813,0.926,0.78,0.895,0.627,0.784,0.647,0.892,0.892,0.945,0.858,0,0.815,0.707,0.895,0.925,0.83,0.696,0.772,0.841,0.836,0.868,0.775,0.801,0.898,0.369,0.718,0.947,0.951,0.901,0.734,0.842,0.896,0.96,0.929,0.71,0.855,0.794,0.687,0.809,0.869,0.937,0.924,0.686,0.87,0.693,0.829,0.532,0.945,0.752,0.884
"DKK2",0.926,0.938,0.914,0.959,0.869,0.913,0.673,0.925,0.949,0.959,0.855,0.634,0.924,0.926,0.918,0.64,0.876,0.961,0.949,0.962,0.947,0.732,0.947,0.928,0.893,0.947,0.914,0.956,0.91,0.904,0.848,0.79,0.973,0.781,0.937,0.937,0.961,0.917,0.932,0.91,0.945,0.84,0.748,0.917,0.887,0.949,0.898,0.938,0.783,0.934,0.963,0.804,0.943,0.841,0.862,0.742,0.915,0.935,0.961,0.949,0.815,0,0.911,0.943,0.924,0.88,0.765,0.93,0.87,0.953,0.924,0.929,0.896,0.934,0.714,0.924,0.98,0.967,0.95,0.797,0.821,0.918,0.97,0.92,0.83,0.847,0.956,0.924,0.895,0.868,0.973,0.958,0.823,0.914,0.708,0.916,0.954,0.959,0.942,0.914
"ZFPM2",0.206,0.777,0.827,0.806,0.711,0.811,0.834,0.754,0.935,0.93,0.781,0.814,0.709,0.788,0.689,0.876,0.726,0.808,0.935,0.876,0.915,0.628,0.941,0.814,0.851,0.85,0,0.948,0.867,0.735,0.822,0.813,0.846,0.62,0.64,0.678,0.902,0.828,0.671,0.828,0.862,0.861,0.754,0.918,0.827,0.816,0.793,0.832,0.823,0.65,0.914,0.774,0.909,0.78,0.656,0.767,0.902,0.888,0.885,0.856,0.707,0.911,0,0.909,0.574,0.632,0.502,0.914,0.579,0.935,0.709,0.934,0.701,0.903,0.85,0.788,0.933,0.809,0.908,0.638,0.866,0.888,0.86,0.637,0.757,0.887,0.928,0.635,0.632,0.896,0.846,0.885,0.725,0.656,0.776,0.773,0.602,0.954,0.726,0
"C6orf120",0.969,0.913,0.737,0.957,0.843,0.939,0.895,0.816,0.675,0.805,0.872,0.921,0.974,0.785,0.801,0.926,0.774,0.959,0.675,0.959,0.494,0.912,0.945,0.9,0.969,0.78,0.974,0.805,0.883,0.883,0.911,0.912,0.97,0.886,0.877,0.936,0.819,0.863,0.949,0.925,0.78,0.899,0.94,0.947,0.966,0.947,0.916,0.968,0.895,0.942,0.961,0.863,0,0.883,0.899,0.867,0.862,0.675,0.957,0,0.895,0.943,0.909,0,0.961,0.899,0.951,0.924,0.939,0.95,0.961,0.853,0.899,0.711,0.938,0.918,0.879,0.964,0.819,0.887,0.865,0.839,0.968,0.969,0.864,0.906,0.853,0.938,0.937,0.541,0.97,0.942,0.794,0.966,0.889,0.801,0.952,0.804,0.936,0.974
"NFIX",0.214,0.947,0.958,0.7,0.633,0.686,0.863,0.826,0.956,0.968,0.713,0.915,0.311,0.832,0.388,0.926,0.887,0.711,0.956,0.965,0.86,0.927,0.955,0.779,0.928,0.949,0,0.976,0.916,0.927,0.896,0.931,0.743,0.703,0.81,0.449,0.791,0.846,0.345,0.755,0.948,0.864,0.821,0.966,0.852,0.95,0.787,0.607,0.919,0.458,0.891,0.829,0.961,0.899,0.536,0.881,0.847,0.904,0.679,0.967,0.925,0.924,0.574,0.961,0,0.708,0.513,0.937,0.34,0.963,0.481,0.953,0.526,0.941,0.936,0.842,0.981,0.379,0.852,0.726,0.938,0.935,0.58,0.163,0.828,0.951,0.962,0.462,0.597,0.908,0.743,0.777,0.842,0.458,0.73,0.912,0.955,0.967,0.822,0
"RBM24",0.539,0.792,0.868,0.758,0.742,0.739,0.791,0.808,0.94,0.944,0.567,0.746,0.756,0.787,0.719,0.83,0.791,0.564,0.94,0.912,0.86,0.842,0.945,0.843,0.908,0.906,0.597,0.961,0.877,0.866,0.8,0.832,0.787,0.652,0.748,0.71,0.904,0.846,0.735,0.804,0.896,0.823,0.746,0.847,0.849,0.87,0.751,0.716,0.82,0.718,0.853,0.817,0.899,0.793,0.606,0.751,0.867,0.905,0.827,0.921,0.83,0.88,0.632,0.899,0.708,0,0.631,0.92,0.681,0.947,0.68,0.917,0.65,0.917,0.797,0.806,0.952,0.828,0.891,0.711,0.855,0.866,0.787,0.712,0.694,0.889,0.94,0.702,0.68,0.862,0.787,0.873,0.752,0.685,0.743,0.821,0.755,0.958,0.782,0.597
"TRPS1",0.236,0.847,0.849,0.813,0.787,0.791,0.808,0.71,0.944,0.945,0.741,0.444,0.733,0.753,0.687,0.755,0.81,0.814,0.944,0.949,0.922,0.638,0.948,0.821,0.904,0.881,0.351,0.953,0.902,0.706,0.839,0.772,0.852,0.679,0.628,0.689,0.9,0.834,0.627,0.846,0.908,0.792,0.726,0.93,0.852,0.934,0.629,0.803,0.76,0.66,0.93,0.817,0.951,0.8,0.674,0.718,0.888,0.909,0.869,0.868,0.696,0.765,0.502,0.951,0.513,0.631,0,0.929,0.574,0.951,0.694,0.925,0.731,0.93,0.753,0.838,0.952,0.786,0.918,0.716,0.869,0.913,0.836,0.605,0.787,0.888,0.949,0.646,0.665,0.889,0.852,0.885,0.784,0.617,0.709,0.902,0.641,0.96,0.699,0.351
"RTTN",0.945,0.675,0.927,0.918,0.654,0.907,0.91,0.922,0.902,0.918,0.926,0.886,0.909,0.911,0.871,0.9,0.832,0.924,0.902,0.729,0.899,0.893,0.685,0.865,0.826,0.666,0.951,0.944,0.799,0.818,0.775,0.88,0.944,0.881,0.848,0.842,0.872,0.831,0.767,0.815,0.619,0.867,0.928,0.931,0.932,0.548,0.918,0.889,0.696,0.762,0.928,0.877,0.924,0.85,0.75,0.905,0.909,0.873,0.922,0.932,0.772,0.93,0.914,0.924,0.937,0.92,0.929,0,0.895,0.72,0.938,0.684,0.786,0.871,0.906,0.725,0.953,0.927,0.871,0.829,0.923,0.935,0.941,0.95,0.879,0.921,0.653,0.634,0.894,0.874,0.944,0.912,0.883,0.92,0.897,0.837,0.91,0.925,0.889,0.951
"TRERF1",0.0610000000000001,0.889,0.929,0.776,0.591,0.658,0.757,0.856,0.951,0.962,0.658,0.633,0.421,0.842,0.477,0.791,0.815,0.779,0.951,0.873,0.862,0.839,0.916,0.83,0.916,0.921,0,0.944,0.901,0.901,0.768,0.853,0.626,0.589,0.769,0.56,0.852,0.834,0.49,0.709,0.896,0.794,0.713,0.334,0.841,0.811,0.838,0.688,0.797,0.427,0.904,0.783,0.939,0.861,0.512,0.771,0.791,0.909,0.795,0.96,0.841,0.87,0.579,0.939,0.34,0.681,0.574,0.895,0,0.924,0.619,0.918,0.424,0.936,0.616,0.801,0.975,0.657,0.868,0.639,0.893,0.891,0.74,0.349,0.736,0.884,0.922,0.496,0.488,0.902,0.626,0.837,0.711,0.512,0.564,0.897,0.946,0.964,0.779,0
"APOO",0.968,0.656,0.939,0.947,0.822,0.935,0.936,0.949,0.925,0.947,0.958,0.917,0.931,0.94,0.892,0.93,0.832,0.951,0.925,0.659,0.926,0.916,0.8,0.849,0.878,0.865,0.973,0.954,0.823,0.853,0.861,0.924,0.957,0.902,0.87,0.909,0.896,0.783,0.773,0.835,0.782,0.898,0.953,0.957,0.962,0.63,0.944,0.911,0.776,0.768,0.955,0.905,0.95,0.88,0.787,0.931,0.943,0.893,0.951,0.951,0.836,0.953,0.935,0.95,0.963,0.947,0.951,0.72,0.924,0,0.959,0.845,0.801,0.897,0.938,0.785,0.97,0.959,0.902,0.919,0.942,0.944,0.967,0.97,0.925,0.949,0.805,0.717,0.923,0.895,0.957,0.943,0.919,0.948,0.921,0.864,0.939,0.95,0.916,0.973
"YBX2",0.365,0.918,0.925,0.7,0.764,0.614,0.825,0.804,0.95,0.936,0.733,0.872,0.654,0.802,0.637,0.884,0.784,0.711,0.95,0.963,0.861,0.864,0.956,0.77,0.92,0.925,0.401,0.952,0.912,0.881,0.848,0.894,0.696,0.727,0.744,0.521,0.815,0.802,0.7,0.754,0.938,0.865,0.745,0.966,0.847,0.949,0.783,0.576,0.869,0.681,0.891,0.814,0.961,0.851,0.755,0.84,0.835,0.857,0.758,0.928,0.868,0.924,0.709,0.961,0.481,0.68,0.694,0.938,0.619,0.959,0,0.943,0.599,0.939,0.896,0.799,0.954,0.598,0.862,0.791,0.869,0.843,0.66,0.564,0.761,0.904,0.959,0.646,0.623,0.905,0.696,0.796,0.824,0.61,0.751,0.912,0.882,0.966,0.792,0.401
"DYNC2LI1",0.918,0.788,0.957,0.959,0.804,0.928,0.902,0.828,0.807,0.885,0.938,0.857,0.906,0.841,0.861,0.894,0.852,0.962,0.807,0.797,0.841,0.91,0.872,0.925,0.807,0.623,0.935,0.854,0.882,0.889,0.821,0.879,0.973,0.909,0.923,0.904,0.732,0.744,0.865,0.893,0.577,0.886,0.929,0.964,0.915,0.813,0.938,0.906,0.778,0.853,0.963,0.911,0.853,0.863,0.857,0.897,0.934,0.807,0.965,0.901,0.775,0.929,0.934,0.853,0.953,0.917,0.925,0.684,0.918,0.845,0.943,0,0.868,0.632,0.885,0.82,0.848,0.971,0.784,0.9,0.9,0.908,0.974,0.945,0.846,0.922,0.27,0.823,0.892,0.853,0.973,0.959,0.832,0.896,0.844,0.813,0.955,0.59,0.946,0.935
"BAZ1B",0.0610000000000001,0.735,0.868,0.776,0.652,0.622,0.726,0.862,0.923,0.934,0.699,0.746,0.576,0.835,0.597,0.81,0.737,0.779,0.923,0.721,0.839,0.848,0.816,0.785,0.859,0.851,0.186,0.939,0.824,0.84,0.782,0.856,0.633,0.666,0.716,0.521,0.828,0.762,0.441,0.651,0.784,0.784,0.759,0.847,0.88,0.569,0.854,0.732,0.735,0.323,0.905,0.759,0.899,0.845,0.321,0.811,0.777,0.85,0.803,0.938,0.801,0.896,0.701,0.899,0.526,0.65,0.731,0.786,0.424,0.801,0.599,0.868,0,0.888,0.797,0.731,0.952,0.726,0.844,0.689,0.857,0.796,0.778,0.532,0.797,0.909,0.83,0.521,0.593,0.883,0.633,0.843,0.764,0.593,0.665,0.821,0.914,0.946,0.74,0.186
"RAB6B",0.951,0.819,0.919,0.922,0.871,0.905,0.877,0.738,0.504,0.698,0.93,0.884,0.96,0.765,0.683,0.897,0.878,0.929,0.504,0.911,0.631,0.887,0.907,0.823,0.951,0.6,0.957,0.639,0.797,0.821,0.901,0.897,0.94,0.866,0.85,0.917,0.675,0.641,0.905,0.884,0.589,0.9,0.929,0.936,0.939,0.868,0.919,0.949,0.873,0.902,0.934,0.871,0.711,0.845,0.875,0.901,0.912,0.347,0.926,0.78,0.898,0.934,0.903,0.711,0.941,0.917,0.93,0.871,0.936,0.897,0.939,0.632,0.888,0,0.909,0.873,0.749,0.932,0.719,0.887,0.841,0.802,0.947,0.955,0.86,0.857,0.656,0.89,0.927,0.592,0.94,0.913,0.799,0.953,0.838,0.586,0.913,0.461,0.886,0.957
"IL17RC",0.915,0.915,0.851,0.951,0.818,0.857,0.485,0.868,0.924,0.943,0.698,0.537,0.936,0.867,0.894,0.631,0.605,0.954,0.924,0.952,0.927,0.568,0.935,0.86,0.923,0.883,0.936,0.91,0.844,0.844,0.772,0.47,0.965,0.543,0.833,0.874,0.949,0.86,0.937,0.833,0.883,0.375,0.737,0.77,0.911,0.933,0.868,0.917,0.485,0.918,0.957,0.485,0.938,0.731,0.797,0.148,0.855,0.909,0.95,0.938,0.369,0.714,0.85,0.938,0.936,0.797,0.753,0.906,0.616,0.938,0.896,0.885,0.797,0.909,0,0.896,0.975,0.959,0.927,0.677,0.757,0.882,0.965,0.915,0.678,0.757,0.929,0.896,0.824,0.873,0.965,0.93,0.38,0.902,0.429,0.894,0.945,0.95,0.921,0.936
"FITM2",0.641,0.664,0.914,0.631,0.718,0.767,0.801,0.866,0.904,0.861,0.855,0.872,0.863,0.696,0.811,0.881,0.75,0.812,0.904,0.65,0.883,0.86,0.849,0.768,0.76,0.78,0.709,0.906,0.825,0.81,0.727,0.855,0.803,0.78,0.745,0.764,0.73,0.795,0.761,0.747,0.677,0.763,0.869,0.944,0.824,0.167,0.879,0.843,0.577,0.706,0.855,0.685,0.918,0.709,0.747,0.857,0.874,0.865,0.905,0.888,0.718,0.924,0.788,0.918,0.842,0.806,0.838,0.725,0.801,0.785,0.799,0.82,0.731,0.873,0.896,0,0.868,0.883,0.77,0.842,0.816,0.887,0.888,0.852,0.806,0.85,0.774,0.476,0.787,0.864,0.803,0.715,0.808,0.841,0.832,0.829,0.853,0.914,0.866,0.709
"SLCO4A1",0.985,0.954,0.91,0.973,0.919,0.964,0.786,0.774,0.76,0.402,0.976,0.966,0.988,0.754,0.594,0.965,0.89,0.975,0.76,0.978,0.784,0.958,0.97,0.772,0.986,0.749,0.988,0.402,0.91,0.91,0.928,0.941,0.957,0.9,0.9,0.964,0.826,0.772,0.969,0.946,0.669,0.962,0.972,0.982,0.983,0.966,0.95,0.986,0.944,0.963,0.981,0.951,0.879,0.91,0.952,0.951,0.971,0.749,0.975,0.879,0.947,0.98,0.933,0.879,0.981,0.952,0.952,0.953,0.975,0.97,0.954,0.848,0.952,0.749,0.975,0.868,0,0.98,0.826,0.951,0.677,0.755,0.986,0.985,0.867,0.752,0.848,0.958,0.962,0.751,0.957,0.967,0.789,0.972,0.905,0.721,0.972,0.797,0.961,0.988
"INTS4",0.451,0.941,0.959,0.727,0.831,0.752,0.907,0.793,0.948,0.967,0.756,0.942,0.671,0.852,0.634,0.954,0.929,0.692,0.948,0.97,0.86,0.943,0.949,0.789,0.976,0.945,0.498,0.969,0.897,0.914,0.94,0.955,0.704,0.801,0.816,0.542,0.794,0.836,0.694,0.772,0.944,0.886,0.883,0.97,0.944,0.952,0.731,0.719,0.939,0.713,0.9,0.816,0.964,0.925,0.782,0.935,0.858,0.876,0.51,0.963,0.951,0.967,0.809,0.964,0.379,0.828,0.786,0.927,0.657,0.959,0.598,0.971,0.726,0.932,0.959,0.883,0.98,0,0.839,0.87,0.959,0.95,0.598,0.533,0.909,0.966,0.96,0.697,0.793,0.926,0.704,0.797,0.908,0.715,0.842,0.905,0.958,0.965,0.814,0.498
"HACL1",0.848,0.836,0.94,0.573,0.874,0.775,0.864,0.81,0.845,0.898,0.839,0.909,0.898,0.661,0.848,0.926,0.902,0.692,0.845,0.881,0.781,0.919,0.911,0.798,0.917,0.827,0.867,0.889,0.853,0.867,0.896,0.925,0.748,0.852,0.781,0.825,0.488,0.732,0.885,0.786,0.791,0.788,0.868,0.946,0.88,0.832,0.874,0.869,0.882,0.863,0.594,0.611,0.819,0.884,0.879,0.914,0.832,0.767,0.827,0.913,0.901,0.95,0.908,0.819,0.852,0.891,0.918,0.871,0.868,0.902,0.862,0.784,0.844,0.719,0.927,0.77,0.826,0.839,0,0.89,0.922,0.903,0.794,0.887,0.878,0.926,0.768,0.862,0.849,0.866,0.748,0.428,0.786,0.878,0.814,0.789,0.929,0.706,0.815,0.867
"CDKN2B",0.214,0.847,0.834,0.806,0.622,0.786,0.602,0.802,0.91,0.926,0.774,0.653,0.79,0.828,0.774,0.735,0.793,0.808,0.91,0.905,0.892,0.74,0.836,0.834,0.794,0.815,0,0.934,0.829,0.794,0.624,0.763,0.707,0.617,0.721,0.539,0.907,0.835,0.816,0.694,0.843,0.724,0.772,0.771,0.477,0.869,0.825,0.857,0.759,0.778,0.912,0.737,0.887,0.729,0.62,0.659,0.84,0.877,0.893,0.917,0.734,0.797,0.638,0.887,0.726,0.711,0.716,0.829,0.639,0.919,0.791,0.9,0.689,0.887,0.677,0.842,0.951,0.87,0.89,0,0.822,0.847,0.893,0.748,0.61,0.844,0.913,0.786,0.699,0.856,0.707,0.881,0.616,0.791,0.699,0.83,0.605,0.938,0.794,0
"PXK",0.893,0.897,0.812,0.945,0.871,0.86,0.678,0.885,0.887,0.76,0.883,0.698,0.943,0.869,0.822,0.705,0.825,0.949,0.887,0.945,0.898,0.814,0.946,0.784,0.9,0.88,0.914,0.774,0.884,0.783,0.753,0.832,0.916,0.748,0.896,0.872,0.916,0.752,0.931,0.891,0.873,0.857,0.854,0.933,0.6,0.918,0.898,0.941,0.725,0.924,0.952,0.816,0.865,0.739,0.829,0.812,0.893,0.824,0.956,0.913,0.842,0.821,0.866,0.865,0.938,0.855,0.869,0.923,0.893,0.942,0.869,0.9,0.857,0.841,0.757,0.816,0.677,0.959,0.922,0.822,0,0.726,0.969,0.93,0.725,0.501,0.919,0.875,0.882,0.831,0.916,0.947,0.773,0.889,0.794,0.736,0.939,0.913,0.935,0.914
"CYGB",0.879,0.927,0.792,0.924,0.901,0.873,0.874,0.889,0.86,0.808,0.895,0.856,0.941,0.87,0.814,0.836,0.864,0.931,0.86,0.946,0.871,0.865,0.954,0.78,0.951,0.875,0.908,0.667,0.895,0.899,0.882,0.859,0.882,0.754,0.902,0.888,0.887,0.737,0.928,0.91,0.864,0.878,0.901,0.852,0.788,0.918,0.921,0.942,0.839,0.919,0.947,0.854,0.839,0.84,0.809,0.885,0.924,0.751,0.944,0.89,0.896,0.918,0.888,0.839,0.935,0.866,0.913,0.935,0.891,0.944,0.843,0.908,0.796,0.802,0.882,0.887,0.755,0.95,0.903,0.847,0.726,0,0.964,0.924,0.862,0.84,0.916,0.888,0.896,0.83,0.882,0.937,0.878,0.887,0.867,0.705,0.948,0.892,0.932,0.908
"MARS2",0.62,0.953,0.97,0.518,0.851,0.685,0.876,0.857,0.959,0.972,0.773,0.953,0.73,0.82,0.702,0.963,0.944,0.729,0.959,0.973,0.799,0.956,0.957,0.714,0.977,0.957,0.682,0.978,0.924,0.936,0.934,0.963,0.672,0.834,0.758,0.692,0.801,0.788,0.766,0.716,0.957,0.894,0.85,0.972,0.947,0.963,0.816,0.442,0.953,0.788,0.826,0.851,0.968,0.944,0.818,0.933,0.789,0.913,0.634,0.969,0.96,0.97,0.86,0.968,0.58,0.787,0.836,0.941,0.74,0.967,0.66,0.974,0.778,0.947,0.965,0.888,0.986,0.598,0.794,0.893,0.969,0.964,0,0.64,0.866,0.973,0.967,0.775,0.799,0.941,0.672,0.74,0.892,0.771,0.849,0.928,0.964,0.969,0.74,0.682
"SSBP2",0,0.958,0.964,0.777,0.636,0.735,0.882,0.869,0.964,0.972,0.704,0.894,0.254,0.864,0.288,0.909,0.889,0.782,0.964,0.974,0.886,0.914,0.962,0.822,0.94,0.963,0,0.98,0.938,0.947,0.895,0.928,0.824,0.711,0.859,0.571,0.838,0.871,0.448,0.814,0.963,0.891,0.853,0.973,0.868,0.966,0.829,0.572,0.916,0.488,0.914,0.863,0.969,0.909,0.603,0.875,0.873,0.928,0.735,0.972,0.929,0.92,0.637,0.969,0.163,0.712,0.605,0.95,0.349,0.97,0.564,0.945,0.532,0.955,0.915,0.852,0.985,0.533,0.887,0.748,0.93,0.924,0.64,0,0.833,0.947,0.97,0.44,0.649,0.906,0.824,0.829,0.85,0.492,0.714,0.94,0.966,0.971,0.858,0
"TSC1",0.403,0.888,0.899,0.713,0.733,0.791,0.672,0.782,0.913,0.917,0.802,0.652,0.859,0.821,0.817,0.777,0.694,0.834,0.913,0.819,0.887,0.802,0.919,0.804,0.592,0.849,0.524,0.929,0.785,0.781,0.605,0.808,0.708,0.658,0.768,0.735,0.885,0.796,0.841,0.729,0.831,0.77,0.766,0.717,0.508,0.774,0.852,0.792,0.682,0.809,0.842,0.773,0.864,0.665,0.758,0.719,0.839,0.873,0.918,0.938,0.71,0.83,0.757,0.864,0.828,0.694,0.787,0.879,0.736,0.925,0.761,0.846,0.797,0.86,0.678,0.806,0.867,0.909,0.878,0.61,0.725,0.862,0.866,0.833,0,0.787,0.865,0.806,0.725,0.873,0.708,0.883,0.628,0.794,0.714,0.801,0.897,0.884,0.867,0.524
"CACNA1B",0.893,0.91,0.888,0.945,0.888,0.901,0.763,0.904,0.886,0.735,0.903,0.698,0.957,0.888,0.809,0.791,0.856,0.949,0.886,0.945,0.897,0.839,0.948,0.796,0.902,0.888,0.914,0.741,0.871,0.682,0.766,0.835,0.933,0.742,0.889,0.93,0.929,0.772,0.943,0.906,0.877,0.846,0.883,0.82,0.881,0.919,0.917,0.955,0.79,0.93,0.952,0.836,0.906,0.81,0.892,0.819,0.92,0.845,0.96,0.928,0.855,0.847,0.887,0.906,0.951,0.889,0.888,0.921,0.884,0.949,0.904,0.922,0.909,0.857,0.757,0.85,0.752,0.966,0.926,0.844,0.501,0.84,0.973,0.947,0.787,0,0.932,0.906,0.899,0.854,0.933,0.948,0.787,0.927,0.813,0.77,0.939,0.925,0.937,0.914
"WDR19",0.962,0.711,0.94,0.939,0.813,0.933,0.918,0.838,0.817,0.891,0.954,0.907,0.939,0.854,0.861,0.929,0.794,0.944,0.817,0.394,0.843,0.924,0.853,0.87,0.849,0.616,0.968,0.871,0.792,0.807,0.796,0.89,0.952,0.899,0.859,0.803,0.735,0.73,0.833,0.834,0.523,0.891,0.95,0.95,0.954,0.707,0.946,0.894,0.733,0.805,0.948,0.905,0.853,0.868,0.822,0.925,0.944,0.807,0.953,0.903,0.794,0.956,0.928,0.853,0.962,0.94,0.949,0.653,0.922,0.805,0.959,0.27,0.83,0.656,0.929,0.774,0.848,0.96,0.768,0.913,0.919,0.916,0.967,0.97,0.865,0.932,0,0.795,0.915,0.862,0.952,0.938,0.848,0.926,0.868,0.813,0.931,0.653,0.923,0.968
"ZNF135",0.0610000000000001,0.617,0.918,0.776,0.582,0.772,0.87,0.844,0.927,0.935,0.759,0.872,0.606,0.771,0.542,0.878,0.771,0.779,0.927,0.65,0.893,0.836,0.812,0.764,0.76,0.783,0.186,0.947,0.821,0.805,0.755,0.859,0.815,0.726,0.735,0.575,0.817,0.774,0.489,0.741,0.725,0.858,0.829,0.946,0.88,0.167,0.831,0.719,0.513,0.424,0.917,0.848,0.938,0.673,0.589,0.859,0.876,0.874,0.818,0.836,0.687,0.924,0.635,0.938,0.462,0.702,0.646,0.634,0.496,0.717,0.646,0.823,0.521,0.89,0.896,0.476,0.958,0.697,0.862,0.786,0.875,0.888,0.775,0.44,0.806,0.906,0.795,0,0.677,0.883,0.815,0.854,0.845,0.627,0.771,0.829,0.853,0.949,0.83,0.186
"SIRT6",0.236,0.878,0.924,0.715,0.71,0.603,0.681,0.839,0.945,0.946,0.636,0.78,0.677,0.806,0.688,0.853,0.764,0.754,0.945,0.876,0.813,0.861,0.913,0.844,0.842,0.898,0.351,0.967,0.885,0.866,0.775,0.868,0.482,0.688,0.672,0.625,0.866,0.817,0.665,0.619,0.875,0.823,0.629,0.942,0.852,0.806,0.815,0.75,0.812,0.623,0.875,0.795,0.937,0.819,0.65,0.71,0.729,0.884,0.807,0.948,0.809,0.895,0.632,0.937,0.597,0.68,0.665,0.894,0.488,0.923,0.623,0.892,0.593,0.927,0.824,0.787,0.962,0.793,0.849,0.699,0.882,0.896,0.799,0.649,0.725,0.899,0.915,0.677,0,0.869,0.482,0.836,0.651,0.568,0.654,0.856,0.871,0.962,0.704,0.351
"CADPS2",0.91,0.869,0.91,0.914,0.851,0.886,0.812,0.862,0.701,0.745,0.9,0.843,0.904,0.852,0.724,0.848,0.865,0.921,0.701,0.903,0.499,0.863,0.906,0.869,0.917,0.791,0.885,0.694,0.827,0.849,0.856,0.856,0.94,0.856,0.874,0.905,0.867,0.827,0.902,0.882,0.79,0.862,0.892,0.929,0.904,0.866,0.865,0.922,0.845,0.895,0.926,0.854,0.541,0.834,0.866,0.838,0.882,0.635,0.922,0.685,0.869,0.868,0.896,0.541,0.908,0.862,0.889,0.874,0.902,0.895,0.905,0.853,0.883,0.592,0.873,0.864,0.751,0.926,0.866,0.856,0.831,0.83,0.941,0.906,0.873,0.854,0.862,0.883,0.869,0,0.94,0.91,0.8,0.915,0.844,0.603,0.906,0.808,0.888,0.885
"DPP3",0.824,0.945,0.9,0.67,0.789,0.339,0.552,0.704,0.952,0.933,0.473,0.956,0.806,0.681,0.824,0.954,0.743,0.787,0.952,0.967,0.473,0.947,0.961,0.669,0.981,0.924,0.846,0.933,0.9,0.9,0.712,0.943,0,0.698,0.339,0.707,0.665,0.644,0.852,0.417,0.924,0.816,0.525,0.975,0.943,0.952,0.726,0.675,0.933,0.815,0.901,0.692,0.97,0.9,0.859,0.817,0.516,0.733,0.724,0.941,0.937,0.973,0.846,0.97,0.743,0.787,0.852,0.944,0.626,0.957,0.696,0.973,0.633,0.94,0.965,0.803,0.957,0.704,0.748,0.707,0.916,0.882,0.672,0.824,0.708,0.933,0.952,0.815,0.482,0.94,0,0.685,0.459,0.776,0.527,0.933,0.964,0.969,0.482,0.846
"ELOVL1",0.775,0.92,0.943,0.463,0.878,0.752,0.87,0.884,0.933,0.952,0.848,0.913,0.862,0.595,0.835,0.934,0.923,0.748,0.933,0.936,0.857,0.928,0.939,0.713,0.958,0.912,0.805,0.963,0.862,0.873,0.913,0.933,0.685,0.833,0.742,0.792,0.576,0.846,0.87,0.75,0.912,0.79,0.865,0.948,0.884,0.913,0.878,0.793,0.911,0.854,0.671,0.628,0.942,0.885,0.871,0.915,0.842,0.847,0.838,0.957,0.924,0.958,0.885,0.942,0.777,0.873,0.885,0.912,0.837,0.943,0.796,0.959,0.843,0.913,0.93,0.715,0.967,0.797,0.428,0.881,0.947,0.937,0.74,0.829,0.883,0.948,0.938,0.854,0.836,0.91,0.685,0,0.86,0.862,0.856,0.873,0.932,0.954,0.816,0.805
"AKT2",0.631,0.84,0.868,0.69,0.724,0.741,0.576,0.748,0.873,0.889,0.74,0.27,0.832,0.771,0.806,0.708,0.674,0.773,0.873,0.855,0.831,0.744,0.918,0.833,0.8,0.815,0.575,0.901,0.846,0.819,0.638,0.654,0.459,0.639,0.685,0.77,0.836,0.8,0.883,0.689,0.786,0.719,0.704,0.567,0.794,0.811,0.8,0.855,0.705,0.854,0.718,0.694,0.794,0.683,0.78,0.56,0.769,0.839,0.89,0.908,0.686,0.823,0.725,0.794,0.842,0.752,0.784,0.883,0.711,0.919,0.824,0.832,0.764,0.799,0.38,0.808,0.789,0.908,0.786,0.616,0.773,0.878,0.892,0.85,0.628,0.787,0.848,0.845,0.651,0.8,0.459,0.86,0,0.838,0.58,0.654,0.632,0.846,0.769,0.575
"MPHOSPH8",0.206,0.928,0.942,0.815,0.703,0.615,0.839,0.839,0.962,0.964,0.676,0.877,0.615,0.86,0.57,0.898,0.841,0.712,0.962,0.892,0.888,0.905,0.929,0.842,0.87,0.937,0.387,0.969,0.923,0.926,0.847,0.913,0.776,0.728,0.84,0.623,0.872,0.85,0.52,0.796,0.93,0.869,0.755,0.969,0.841,0.905,0.833,0.719,0.882,0.524,0.904,0.855,0.966,0.869,0.573,0.854,0.852,0.9,0.731,0.965,0.87,0.914,0.656,0.966,0.458,0.685,0.617,0.92,0.512,0.948,0.61,0.896,0.593,0.953,0.902,0.841,0.972,0.715,0.878,0.791,0.889,0.887,0.771,0.492,0.794,0.927,0.926,0.627,0.568,0.915,0.776,0.862,0.838,0,0.742,0.929,0.961,0.972,0.848,0.387
"RNF31",0.142,0.888,0.843,0.76,0.75,0.657,0.58,0.836,0.901,0.928,0.465,0.332,0.79,0.811,0.741,0.57,0.744,0.767,0.901,0.887,0.85,0.644,0.929,0.824,0.873,0.868,0.377,0.928,0.844,0.845,0.749,0.697,0.527,0.594,0.732,0.692,0.813,0.769,0.826,0.672,0.854,0.734,0.668,0.802,0.833,0.889,0.835,0.812,0.663,0.767,0.902,0.605,0.889,0.781,0.741,0.605,0.577,0.849,0.856,0.927,0.693,0.708,0.776,0.889,0.73,0.743,0.709,0.897,0.564,0.921,0.751,0.844,0.665,0.838,0.429,0.832,0.905,0.842,0.814,0.699,0.794,0.867,0.849,0.714,0.714,0.813,0.868,0.771,0.654,0.844,0.527,0.856,0.58,0.742,0,0.839,0.921,0.861,0.761,0.377
"SFXN4",0.94,0.829,0.884,0.908,0.83,0.862,0.743,0.745,0.631,0.549,0.889,0.87,0.947,0.724,0.395,0.857,0.8,0.916,0.631,0.893,0.661,0.844,0.884,0.747,0.941,0.586,0.947,0.549,0.719,0.719,0.847,0.844,0.933,0.773,0.689,0.853,0.789,0.747,0.859,0.8,0.586,0.867,0.895,0.924,0.925,0.848,0.888,0.929,0.807,0.846,0.921,0.829,0.801,0.719,0.821,0.829,0.885,0.586,0.901,0.801,0.829,0.916,0.773,0.801,0.912,0.821,0.902,0.837,0.897,0.864,0.912,0.813,0.821,0.586,0.894,0.829,0.721,0.905,0.789,0.83,0.736,0.705,0.928,0.94,0.801,0.77,0.813,0.829,0.856,0.603,0.933,0.873,0.654,0.929,0.839,0,0.899,0.762,0.852,0.947
"MDGA2",0.966,0.636,0.695,0.95,0.917,0.928,0.907,0.466,0.926,0.949,0.875,0.931,0.971,0.703,0.899,0.932,0.765,0.954,0.926,0.952,0.929,0.623,0.936,0.873,0.965,0.802,0.971,0.958,0.856,0.532,0.914,0.689,0.964,0.602,0.466,0.931,0.949,0.873,0.938,0.908,0.689,0.923,0.797,0.957,0.962,0.935,0.764,0.964,0.868,0.929,0.956,0.881,0.952,0.721,0.914,0.626,0.944,0.913,0.95,0.831,0.532,0.954,0.602,0.952,0.955,0.755,0.641,0.91,0.946,0.939,0.882,0.955,0.914,0.913,0.945,0.853,0.972,0.958,0.929,0.605,0.939,0.948,0.964,0.966,0.897,0.939,0.931,0.853,0.871,0.906,0.964,0.932,0.632,0.961,0.921,0.899,0,0.95,0.376,0.971
"RANBP17",0.969,0.828,0.96,0.955,0.916,0.95,0.925,0.699,0.706,0.84,0.963,0.936,0.976,0.812,0.823,0.947,0.934,0.958,0.706,0.957,0.764,0.942,0.944,0.922,0.968,0.802,0.974,0.781,0.902,0.917,0.946,0.941,0.969,0.934,0.931,0.957,0.616,0.625,0.955,0.945,0.757,0.944,0.958,0.961,0.966,0.942,0.956,0.97,0.937,0.952,0.96,0.931,0.804,0.925,0.937,0.947,0.956,0.717,0.959,0.849,0.945,0.959,0.954,0.804,0.967,0.958,0.96,0.925,0.964,0.95,0.966,0.59,0.946,0.461,0.95,0.914,0.797,0.965,0.706,0.938,0.913,0.892,0.969,0.971,0.884,0.925,0.653,0.949,0.962,0.808,0.969,0.954,0.846,0.972,0.861,0.762,0.95,0,0.938,0.974
"BTBD6",0.815,0.758,0.85,0.715,0.856,0.536,0.763,0.747,0.917,0.933,0.708,0.901,0.806,0.742,0.834,0.916,0.874,0.806,0.917,0.926,0.752,0.738,0.919,0.795,0.955,0.877,0.847,0.951,0.84,0.642,0.87,0.788,0.482,0.769,0.482,0.788,0.845,0.748,0.878,0.572,0.865,0.867,0.67,0.943,0.921,0.895,0.771,0.765,0.886,0.872,0.876,0.782,0.936,0.794,0.872,0.799,0.571,0.848,0.747,0.867,0.752,0.942,0.726,0.936,0.822,0.782,0.699,0.889,0.779,0.916,0.792,0.946,0.74,0.886,0.921,0.866,0.961,0.814,0.815,0.794,0.935,0.932,0.74,0.858,0.867,0.937,0.923,0.83,0.704,0.888,0.482,0.816,0.769,0.848,0.761,0.852,0.376,0.938,0,0.847
"MLLT10",0.214,0.959,0.944,0.806,0.069,0.705,0.857,0.781,0.962,0.976,0.573,0.915,0,0.805,0.214,0.91,0.56,0.808,0.962,0.979,0.881,0.908,0.965,0.813,0.954,0.944,0,0.981,0.923,0.923,0.75,0.893,0.846,0.214,0.762,0.186,0.82,0.87,0.351,0.781,0.944,0.875,0.826,0.977,0.906,0.972,0.789,0.609,0.884,0.186,0.927,0.854,0.974,0.887,0.387,0.784,0.886,0.918,0.765,0.974,0.884,0.914,0,0.974,0,0.597,0.351,0.951,0,0.973,0.401,0.935,0.186,0.957,0.936,0.709,0.988,0.498,0.867,0,0.914,0.908,0.682,0,0.524,0.914,0.968,0.186,0.351,0.885,0.846,0.805,0.575,0.387,0.377,0.947,0.971,0.974,0.847,0
